OBJECT,FULLOBJECT,THEME,TITLE,ABSTRACT,METADATA URL
aarroutes,aarroutes_line,transportation,Adopt-a-Road Routes,Routes in the Adopt-A-Road program (litter reduction); whether they are active and if so; which grou ...,http://www5.kingcounty.gov/sdc/Metadata.aspx?Layer=aarroutes
acs_b00001_popcount,acs_b00001_popcount,census,2013-2017 ACS: Unweighted Sample Count Population (Based on 2010 Census Tracts),US Census American Community Survey (2013-2017) data table for: UNWEIGHTED COUNT subject area. Provi ...,http://www5.kingcounty.gov/sdc/Metadata.aspx?Layer=acs_b00001_popcount
acs_b00002_hsingcount,acs_b00002_hsingcount,census,2013-2017 ACS: Unweighted Sample Count Housing Units (Based on 2010 Census Tracts),US Census American Community Survey (2013-2017) data table for: UNWEIGHTED COUNT subject area. Provi ...,http://www5.kingcounty.gov/sdc/Metadata.aspx?Layer=acs_b00002_hsingcount
acs_b01001_sexbyage,acs_b01001_sexbyage,census,2013-2017 ACS: Sex By Age (Based on 2010 Census Tracts),US Census American Community Survey (2013-2017) data table for: AGE-SEX subject area. Provides infor ...,http://www5.kingcounty.gov/sdc/Metadata.aspx?Layer=acs_b01001_sexbyage
acs_b01002_medianagebysex,acs_b01002_medianagebysex,census,2013-2017 ACS: Median Age By Sex (Based on 2010 Census Tracts),US Census American Community Survey (2013-2017) data table for: AGE-SEX subject area. Provides infor ...,http://www5.kingcounty.gov/sdc/Metadata.aspx?Layer=acs_b01002_medianagebysex
acs_b01003_totalpop,acs_b01003_totalpop,census,2013-2017 ACS: Total Population (Based on 2010 Census Tracts),US Census American Community Survey (2013-2017) data table for: AGE-SEX subject area. Provides infor ...,http://www5.kingcounty.gov/sdc/Metadata.aspx?Layer=acs_b01003_totalpop
acs_b02001_race,acs_b02001_race,census,2013-2017 ACS: Race (Based on 2010 Census Tracts),US Census American Community Survey (2013-2017) data table for: RACE subject area. Provides informat ...,http://www5.kingcounty.gov/sdc/Metadata.aspx?Layer=acs_b02001_race
acs_b03002_hispanicbyrace,acs_b03002_hispanicbyrace,census,2013-2017 ACS: Hispanic Or Latino Origin By Race (Based on 2010 Census Tracts),US Census American Community Survey (2013-2017) data table for: HISPANIC ORIGIN subject area. Provid ...,http://www5.kingcounty.gov/sdc/Metadata.aspx?Layer=acs_b03002_hispanicbyrace
acs_b04004_totalancestry,acs_b04004_totalancestry,census,2013-2017 ACS: Total People Reporting Single Ancestry (Based on 2010 Census Tracts),US Census American Community Survey (2013-2017) data table for: ANCESTRY subject area. Provides info ...,http://www5.kingcounty.gov/sdc/Metadata.aspx?Layer=acs_b04004_totalancestry
acs_b05001_citizenshipstatus,acs_b05001_citizenshipstatus,census,2013-2017 ACS: Nativity And Citizenship Status In The United States (Based on 2010 Census Tracts),US Census American Community Survey (2013-2017) data table for: FOREIGN BIRTH subject area. Provides ...,http://www5.kingcounty.gov/sdc/Metadata.aspx?Layer=acs_b05001_citizenshipstatus
acs_b05002_birthplace,acs_b05002_birthplace,census,2013-2017 ACS: Place Of Birth By Nativity And Citizenship Status (Based on 2010 Census Tracts),US Census American Community Survey (2013-2017) data table for: FOREIGN BIRTH subject area. Provides ...,http://www5.kingcounty.gov/sdc/Metadata.aspx?Layer=acs_b05002_birthplace
acs_b05005_yrentrycitizenship,acs_b05005_yrentrycitizenship,census,2013-2017 ACS: Year Of Entry By Nativity And Citizenship Status In The United States (Based on 2010 Census Tracts),US Census American Community Survey (2013-2017) data table for: FOREIGN BIRTH subject area. Provides ...,http://www5.kingcounty.gov/sdc/Metadata.aspx?Layer=acs_b05005_yrentrycitizenship
acs_b05006_birthplaceforeignborn,acs_b05006_birthplaceforeignborn,census,2013-2017 ACS: Place Of Birth For The Foreign-Born Population In The United States (Based on 2010 Census Tracts),US Census American Community Survey (2013-2017) data table for: FOREIGN BIRTH subject area. Provides ...,http://www5.kingcounty.gov/sdc/Metadata.aspx?Layer=acs_b05006_birthplaceforeignborn
acs_b05008_sexbirthplaceyrentry,acs_b05008_sexbirthplaceyrentry,census,2013-2017 ACS: Sex By Place Of Birth By Year Of Entry For The Foreign-Born Population (Based on 2010 Census Tracts),US Census American Community Survey (2013-2017) data table for: FOREIGN BIRTH subject area. Provides ...,http://www5.kingcounty.gov/sdc/Metadata.aspx?Layer=acs_b05008_sexbirthplaceyrentry
acs_b06001_agebirthplaceus,acs_b06001_agebirthplaceus,census,2013-2017 ACS: Place Of Birth By Age In The United States (Based on 2010 Census Tracts),US Census American Community Survey (2013-2017) data table for: PLACE OF BIRTH - NATIVE subject area ...,http://www5.kingcounty.gov/sdc/Metadata.aspx?Layer=acs_b06001_agebirthplaceus
acs_b07003_sexgeographicmobility,acs_b07003_sexgeographicmobility,census,2013-2017 ACS: Geographical Mobility In The Past Year By Sex For Current Residence In The United States (Based on 2010 Census Tracts),US Census American Community Survey (2013-2017) data table for: RESIDENCE LAST YEAR - MIGRATION subj ...,http://www5.kingcounty.gov/sdc/Metadata.aspx?Layer=acs_b07003_sexgeographicmobility
acs_b07204_geographicmobility,acs_b07204_geographicmobility,census,2013-2017 ACS: Geographical Mobility In The Past Year For Current Residence--State; County And Place Level In The United States (Based on 2010 Census Tracts),US Census American Community Survey (2013-2017) data table for: RESIDENCE LAST YEAR - MIGRATION subj ...,http://www5.kingcounty.gov/sdc/Metadata.aspx?Layer=acs_b07204_geographicmobility
acs_b08006_sextransportwork,acs_b08006_sextransportwork,census,2013-2017 ACS: Sex Of Workers By Means Of Transportation To Work (Based on 2010 Census Tracts),US Census American Community Survey (2013-2017) data table for: JOURNEY TO WORK subject area. Provid ...,http://www5.kingcounty.gov/sdc/Metadata.aspx?Layer=acs_b08006_sextransportwork
acs_b08007_sexplaceworkplstateco,acs_b08007_sexplaceworkplstateco,census,2013-2017 ACS: Sex Of Workers By Place Of Work--State And County Level (Based on 2010 Census Tracts),US Census American Community Survey (2013-2017) data table for: JOURNEY TO WORK subject area. Provid ...,http://www5.kingcounty.gov/sdc/Metadata.aspx?Layer=acs_b08007_sexplaceworkplstateco
acs_b08008_sexplaceworkplplace,acs_b08008_sexplaceworkplplace,census,2013-2017 ACS: Sex Of Workers By Place Of Work--Place Level (Based on 2010 Census Tracts),US Census American Community Survey (2013-2017) data table for: JOURNEY TO WORK subject area. Provid ...,http://www5.kingcounty.gov/sdc/Metadata.aspx?Layer=acs_b08008_sexplaceworkplplace
acs_b08101_agetransportwork,acs_b08101_agetransportwork,census,2013-2017 ACS: Means Of Transportation To Work By Age (Based on 2010 Census Tracts),US Census American Community Survey (2013-2017) data table for: JOURNEY TO WORK subject area. Provid ...,http://www5.kingcounty.gov/sdc/Metadata.aspx?Layer=acs_b08101_agetransportwork
acs_b08201_householdvehicles,acs_b08201_householdvehicles,census,2013-2017 ACS: Household Size By Vehicles Available (Based on 2010 Census Tracts),US Census American Community Survey (2013-2017) data table for: JOURNEY TO WORK subject area. Provid ...,http://www5.kingcounty.gov/sdc/Metadata.aspx?Layer=acs_b08201_householdvehicles
acs_b08202_householdworkers,acs_b08202_householdworkers,census,2013-2017 ACS: Household Size By Number Of Workers In Household (Based on 2010 Census Tracts),US Census American Community Survey (2013-2017) data table for: JOURNEY TO WORK subject area. Provid ...,http://www5.kingcounty.gov/sdc/Metadata.aspx?Layer=acs_b08202_householdworkers
acs_b08301_transportation,acs_b08301_transportation,census,2013-2017 ACS: Means Of Transportation To Work (Based on 2010 Census Tracts),US Census American Community Survey (2013-2017) data table for: JOURNEY TO WORK subject area. Provid ...,http://www5.kingcounty.gov/sdc/Metadata.aspx?Layer=acs_b08301_transportation
acs_b08303_traveltime,acs_b08303_traveltime,census,2013-2017 ACS: Travel Time To Work (Based on 2010 Census Tracts),US Census American Community Survey (2013-2017) data table for: JOURNEY TO WORK subject area. Provid ...,http://www5.kingcounty.gov/sdc/Metadata.aspx?Layer=acs_b08303_traveltime
acs_b09001_popunder18,acs_b09001_popunder18,census,2013-2017 ACS: Population Under 18 Years Of Age (Based on 2010 Census Tracts),US Census American Community Survey (2013-2017) data table for: CHILDREN - RELATIONSHIP subject area ...,http://www5.kingcounty.gov/sdc/Metadata.aspx?Layer=acs_b09001_popunder18
acs_b09002_familyownchildrenunder18,acs_b09002_familyownchildrenunder18,census,2013-2017 ACS: Own Children Under 18 Years By Family Type And Age (Based on 2010 Census Tracts),US Census American Community Survey (2013-2017) data table for: CHILDREN - RELATIONSHIP subject area ...,http://www5.kingcounty.gov/sdc/Metadata.aspx?Layer=acs_b09002_familyownchildrenunder18
acs_b09018_relationhousehold,acs_b09018_relationhousehold,census,2013-2017 ACS: Relationship To Householder For Children Under 18 Years In Households (Based on 2010 Census Tracts),US Census American Community Survey (2013-2017) data table for: CHILDREN - RELATIONSHIP subject area ...,http://www5.kingcounty.gov/sdc/Metadata.aspx?Layer=acs_b09018_relationhousehold
acs_b09019_relationhsehldtype,acs_b09019_relationhsehldtype,census,2013-2017 ACS: Household Type (Including Living Alone) By Relationship (Based on 2010 Census Tracts),US Census American Community Survey (2013-2017) data table for: CHILDREN - RELATIONSHIP subject area ...,http://www5.kingcounty.gov/sdc/Metadata.aspx?Layer=acs_b09019_relationhsehldtype
acs_b09020_relhsdtypeovr65,acs_b09020_relhsdtypeovr65,census,2013-2017 ACS: Relationship By Household Type (Including Living Alone) For The Population 65 Years And Over (Based on 2010 Census Tracts),US Census American Community Survey (2013-2017) data table for: CHILDREN - RELATIONSHIP subject area ...,http://www5.kingcounty.gov/sdc/Metadata.aspx?Layer=acs_b09020_relhsdtypeovr65
acs_b11001_householdtype,acs_b11001_householdtype,census,2013-2017 ACS: Household Type (Including Living Alone) (Based on 2010 Census Tracts),US Census American Community Survey (2013-2017) data table for: HOUSEHOLDS - FAMILIES subject area.  ...,http://www5.kingcounty.gov/sdc/Metadata.aspx?Layer=acs_b11001_householdtype
acs_b12001_sexmaritalstatus,acs_b12001_sexmaritalstatus,census,2013-2017 ACS: Sex By Marital Status For The Population 15 Years And Over (Based on 2010 Census Tracts),US Census American Community Survey (2013-2017) data table for: MARITAL STATUS subject area. Provide ...,http://www5.kingcounty.gov/sdc/Metadata.aspx?Layer=acs_b12001_sexmaritalstatus
acs_b14001_schoolenrollment,acs_b14001_schoolenrollment,census,2013-2017 ACS: School Enrollment By Level Of School For The Population 3 Years And Over (Based on 2010 Census Tracts),US Census American Community Survey (2013-2017) data table for: SCHOOL ENROLLMENT subject area. Prov ...,http://www5.kingcounty.gov/sdc/Metadata.aspx?Layer=acs_b14001_schoolenrollment
acs_b15002_sexeducationalattainment,acs_b15002_sexeducationalattainment,census,2013-2017 ACS: Sex By Educational Attainment For The Population 25 Years And Over (Based on 2010 Census Tracts),US Census American Community Survey (2013-2017) data table for: EDUCATIONAL ATTAINMENT subject area. ...,http://www5.kingcounty.gov/sdc/Metadata.aspx?Layer=acs_b15002_sexeducationalattainment
acs_b16005_nativitybylanguage,acs_b16005_nativitybylanguage,census,2013-2017 ACS: Nativity By Language Spoken At Home By Ability To Speak English For The Population 5 Years And Over (Based on 2010 Census Tracts),US Census American Community Survey (2013-2017) data table for: LANGUAGE subject area. Provides info ...,http://www5.kingcounty.gov/sdc/Metadata.aspx?Layer=acs_b16005_nativitybylanguage
acs_b17001_povertystatus,acs_b17001_povertystatus,census,2013-2017 ACS: Poverty Status In The Past 12 Months By Sex By Age (Based on 2010 Census Tracts),US Census American Community Survey (2013-2017) data table for: POVERTY subject area. Provides infor ...,http://www5.kingcounty.gov/sdc/Metadata.aspx?Layer=acs_b17001_povertystatus
acs_b17001a_povertysexagewhite,acs_b17001a_povertysexagewhite,census,2013-2017 ACS: Poverty Status In The Past 12 Months By Sex By Age (White Alone) (Based on 2010 Census Tracts),US Census American Community Survey (2013-2017) data table for: POVERTY subject area. Provides infor ...,http://www5.kingcounty.gov/sdc/Metadata.aspx?Layer=acs_b17001a_povertysexagewhite
acs_b17001b_povertysexageblack,acs_b17001b_povertysexageblack,census,2013-2017 ACS: Poverty Status In The Past 12 Months By Sex By Age (Black Or African American Alone) (Based on 2010 Census Tracts),US Census American Community Survey (2013-2017) data table for: POVERTY subject area. Provides infor ...,http://www5.kingcounty.gov/sdc/Metadata.aspx?Layer=acs_b17001b_povertysexageblack
acs_b17001c_povertysexageamerind,acs_b17001c_povertysexageamerind,census,2013-2017 ACS: Poverty Status In The Past 12 Months By Sex By Age (American Indian And Alaska Native Alone) (Based on 2010 Census Tracts),US Census American Community Survey (2013-2017) data table for: POVERTY subject area. Provides infor ...,http://www5.kingcounty.gov/sdc/Metadata.aspx?Layer=acs_b17001c_povertysexageamerind
acs_b17001d_povertysexageasian,acs_b17001d_povertysexageasian,census,2013-2017 ACS: Poverty Status In The Past 12 Months By Sex By Age (Asian Alone) (Based on 2010 Census Tracts),US Census American Community Survey (2013-2017) data table for: POVERTY subject area. Provides infor ...,http://www5.kingcounty.gov/sdc/Metadata.aspx?Layer=acs_b17001d_povertysexageasian
acs_b17001e_povertysexagehawaiianpi,acs_b17001e_povertysexagehawaiianpi,census,2013-2017 ACS: Poverty Status In The Past 12 Months By Sex By Age (Native Hawaiian And Other Pacific Islander Alone) (Based on 2010 Census Tracts),US Census American Community Survey (2013-2017) data table for: POVERTY subject area. Provides infor ...,http://www5.kingcounty.gov/sdc/Metadata.aspx?Layer=acs_b17001e_povertysexagehawaiianpi
acs_b17001f_povertysexageotherrace,acs_b17001f_povertysexageotherrace,census,2013-2017 ACS: Poverty Status In The Past 12 Months By Sex By Age (Some Other Race Alone) (Based on 2010 Census Tracts),US Census American Community Survey (2013-2017) data table for: POVERTY subject area. Provides infor ...,http://www5.kingcounty.gov/sdc/Metadata.aspx?Layer=acs_b17001f_povertysexageotherrace
acs_b17001g_povertysexage2races,acs_b17001g_povertysexage2races,census,2013-2017 ACS: Poverty Status In The Past 12 Months By Sex By Age (Two Or More Races) (Based on 2010 Census Tracts),US Census American Community Survey (2013-2017) data table for: POVERTY subject area. Provides infor ...,http://www5.kingcounty.gov/sdc/Metadata.aspx?Layer=acs_b17001g_povertysexage2races
acs_b17001h_povertysexagewhnothisp,acs_b17001h_povertysexagewhnothisp,census,2013-2017 ACS: Poverty Status In The Past 12 Months By Sex By Age (White Alone; Not Hispanic Or Latino) (Based on 2010 Census Tracts),US Census American Community Survey (2013-2017) data table for: POVERTY subject area. Provides infor ...,http://www5.kingcounty.gov/sdc/Metadata.aspx?Layer=acs_b17001h_povertysexagewhnothisp
acs_b17001i_povertysexagehispanic,acs_b17001i_povertysexagehispanic,census,2013-2017 ACS: Poverty Status In The Past 12 Months By Sex By Age (Hispanic Or Latino) (Based on 2010 Census Tracts),US Census American Community Survey (2013-2017) data table for: POVERTY subject area. Provides infor ...,http://www5.kingcounty.gov/sdc/Metadata.aspx?Layer=acs_b17001i_povertysexagehispanic
acs_b17010_povertyfamily,acs_b17010_povertyfamily,census,2013-2017 ACS: Poverty Status In The Past 12 Months Of Families By Family Type By Presence Of Related Children Under 18 Years By Age Of Related Children (Based on 2010 Census Tracts),US Census American Community Survey (2013-2017) data table for: POVERTY subject area. Provides infor ...,http://www5.kingcounty.gov/sdc/Metadata.aspx?Layer=acs_b17010_povertyfamily
acs_b17020a_povertyagewhite,acs_b17020a_povertyagewhite,census,2013-2017 ACS: Poverty Status In The Past 12 Months By Age (White Alone) (Based on 2010 Census Tracts),US Census American Community Survey (2013-2017) data table for: POVERTY subject area. Provides infor ...,http://www5.kingcounty.gov/sdc/Metadata.aspx?Layer=acs_b17020a_povertyagewhite
acs_b17020b_povertyageblack,acs_b17020b_povertyageblack,census,2013-2017 ACS: Poverty Status In The Past 12 Months By Age (Black Or African American Alone) (Based on 2010 Census Tracts),US Census American Community Survey (2013-2017) data table for: POVERTY subject area. Provides infor ...,http://www5.kingcounty.gov/sdc/Metadata.aspx?Layer=acs_b17020b_povertyageblack
acs_b17020c_povertyageamerind,acs_b17020c_povertyageamerind,census,2013-2017 ACS: Poverty Status In The Past 12 Months By Age (American Indian And Alaska Native Alone) (Based on 2010 Census Tracts),US Census American Community Survey (2013-2017) data table for: POVERTY subject area. Provides infor ...,http://www5.kingcounty.gov/sdc/Metadata.aspx?Layer=acs_b17020c_povertyageamerind
acs_b17020d_povertyageasian,acs_b17020d_povertyageasian,census,2013-2017 ACS: Poverty Status In The Past 12 Months By Age (Asian Alone) (Based on 2010 Census Tracts),US Census American Community Survey (2013-2017) data table for: POVERTY subject area. Provides infor ...,http://www5.kingcounty.gov/sdc/Metadata.aspx?Layer=acs_b17020d_povertyageasian
acs_b17020e_povertyagehawaiianpi,acs_b17020e_povertyagehawaiianpi,census,2013-2017 ACS: Poverty Status In The Past 12 Months By Age (Native Hawaiian And Other Pacific Islander Alone) (Based on 2010 Census Tracts),US Census American Community Survey (2013-2017) data table for: POVERTY subject area. Provides infor ...,http://www5.kingcounty.gov/sdc/Metadata.aspx?Layer=acs_b17020e_povertyagehawaiianpi
acs_b17020f_povertyageotherraces,acs_b17020f_povertyageotherraces,census,2013-2017 ACS: Poverty Status In The Past 12 Months By Age (Some Other Race Alone) (Based on 2010 Census Tracts),US Census American Community Survey (2013-2017) data table for: POVERTY subject area. Provides infor ...,http://www5.kingcounty.gov/sdc/Metadata.aspx?Layer=acs_b17020f_povertyageotherraces
acs_b17020g_povertyage2races,acs_b17020g_povertyage2races,census,2013-2017 ACS: Poverty Status In The Past 12 Months By Age (Two Or More Races) (Based on 2010 Census Tracts),US Census American Community Survey (2013-2017) data table for: POVERTY subject area. Provides infor ...,http://www5.kingcounty.gov/sdc/Metadata.aspx?Layer=acs_b17020g_povertyage2races
acs_b17020h_povertyagewhitenothisp,acs_b17020h_povertyagewhitenothisp,census,2013-2017 ACS: Poverty Status In The Past 12 Months By Age (White Alone; Not Hispanic Or Latino) (Based on 2010 Census Tracts),US Census American Community Survey (2013-2017) data table for: POVERTY subject area. Provides infor ...,http://www5.kingcounty.gov/sdc/Metadata.aspx?Layer=acs_b17020h_povertyagewhitenothisp
acs_b17020i_povertyagehispanic,acs_b17020i_povertyagehispanic,census,2013-2017 ACS: Poverty Status In The Past 12 Months By Age (Hispanic Or Latino) (Based on 2010 Census Tracts),US Census American Community Survey (2013-2017) data table for: POVERTY subject area. Provides infor ...,http://www5.kingcounty.gov/sdc/Metadata.aspx?Layer=acs_b17020i_povertyagehispanic
acs_b17024_ageratioincometopoverty,acs_b17024_ageratioincometopoverty,census,2013-2017 ACS: Age By Ratio Of Income To Poverty Level In The Past 12 Months (Based on 2010 Census Tracts),US Census American Community Survey (2013-2017) data table for: POVERTY subject area. Provides infor ...,http://www5.kingcounty.gov/sdc/Metadata.aspx?Layer=acs_b17024_ageratioincometopoverty
acs_b19001_householdincome,acs_b19001_householdincome,census,2013-2017 ACS: Household Income In The Past 12 Months (In Inflation-Adjusted Dollars) (Based on 2010 Census Tracts),US Census American Community Survey (2013-2017) data table for: INCOME subject area. Provides inform ...,http://www5.kingcounty.gov/sdc/Metadata.aspx?Layer=acs_b19001_householdincome
acs_b19001a_householdincomewhite,acs_b19001a_householdincomewhite,census,2013-2017 ACS: Household Income In The Past 12 Months (In Inflation-Adjusted Dollars) (White Alone Householder) (Based on 2010 Census Tracts),US Census American Community Survey (2013-2017) data table for: INCOME subject area. Provides inform ...,http://www5.kingcounty.gov/sdc/Metadata.aspx?Layer=acs_b19001a_householdincomewhite
acs_b19001b_householdincomeblack,acs_b19001b_householdincomeblack,census,2013-2017 ACS: Household Income In The Past 12 Months (In Inflation-Adjusted Dollars) (Black Or African American Alone Householder) (Based on 2010 Census Tracts),US Census American Community Survey (2013-2017) data table for: INCOME subject area. Provides inform ...,http://www5.kingcounty.gov/sdc/Metadata.aspx?Layer=acs_b19001b_householdincomeblack
acs_b19001c_householdincomeamerind,acs_b19001c_householdincomeamerind,census,2013-2017 ACS: Household Income In The Past 12 Months (In Inflation-Adjusted Dollars) (American Indian And Alaska Native Alone Householder) (Based on 2010 Census Tracts),US Census American Community Survey (2013-2017) data table for: INCOME subject area. Provides inform ...,http://www5.kingcounty.gov/sdc/Metadata.aspx?Layer=acs_b19001c_householdincomeamerind
acs_b19001d_householdincomeasian,acs_b19001d_householdincomeasian,census,2013-2017 ACS: Household Income In The Past 12 Months (In Inflation-Adjusted Dollars) (Asian Alone Householder) (Based on 2010 Census Tracts),US Census American Community Survey (2013-2017) data table for: INCOME subject area. Provides inform ...,http://www5.kingcounty.gov/sdc/Metadata.aspx?Layer=acs_b19001d_householdincomeasian
acs_b19001e_hsehldincomehawaiianpi,acs_b19001e_hsehldincomehawaiianpi,census,2013-2017 ACS: Household Income In The Past 12 Months (In Inflation-Adjusted Dollars) (Native Hawaiian And Other Pacific Islander Alone Householder) (Based on 2010 Census Tracts),US Census American Community Survey (2013-2017) data table for: INCOME subject area. Provides inform ...,http://www5.kingcounty.gov/sdc/Metadata.aspx?Layer=acs_b19001e_hsehldincomehawaiianpi
acs_b19001f_householdincomeotherrace,acs_b19001f_householdincomeotherrace,census,2013-2017 ACS: Household Income In The Past 12 Months (In Inflation-Adjusted Dollars) (Some Other Race Alone Householder) (Based on 2010 Census Tracts),US Census American Community Survey (2013-2017) data table for: INCOME subject area. Provides inform ...,http://www5.kingcounty.gov/sdc/Metadata.aspx?Layer=acs_b19001f_householdincomeotherrace
acs_b19001g_householdincome2races,acs_b19001g_householdincome2races,census,2013-2017 ACS: Household Income In The Past 12 Months (In Inflation-Adjusted Dollars) (Two Or More Races Householder) (Based on 2010 Census Tracts),US Census American Community Survey (2013-2017) data table for: INCOME subject area. Provides inform ...,http://www5.kingcounty.gov/sdc/Metadata.aspx?Layer=acs_b19001g_householdincome2races
acs_b19001h_hsehldincomewhitenothisp,acs_b19001h_hsehldincomewhitenothisp,census,2013-2017 ACS: Household Income In The Past 12 Months (In Inflation-Adjusted Dollars) (White Alone; Not Hispanic Or Latino Householder) (Based on 2010 Census Tracts),US Census American Community Survey (2013-2017) data table for: INCOME subject area. Provides inform ...,http://www5.kingcounty.gov/sdc/Metadata.aspx?Layer=acs_b19001h_hsehldincomewhitenothisp
acs_b19001i_householdincomehispanic,acs_b19001i_householdincomehispanic,census,2013-2017 ACS: Household Income In The Past 12 Months (In Inflation-Adjusted Dollars) (Hispanic Or Latino Householder) (Based on 2010 Census Tracts),US Census American Community Survey (2013-2017) data table for: INCOME subject area. Provides inform ...,http://www5.kingcounty.gov/sdc/Metadata.aspx?Layer=acs_b19001i_householdincomehispanic
acs_b19013_medianhouseholdincome,acs_b19013_medianhouseholdincome,census,2013-2017 ACS: Median Household Income In The Past 12 Months (In Inflation-Adjusted Dollars) (Based on 2010 Census Tracts),US Census American Community Survey (2013-2017) data table for: INCOME subject area. Provides inform ...,http://www5.kingcounty.gov/sdc/Metadata.aspx?Layer=acs_b19013_medianhouseholdincome
acs_b19019_medianhsehldincomebysize,acs_b19019_medianhsehldincomebysize,census,2013-2017 ACS: Median Household Income In The Past 12 Months (In Inflation-Adjusted Dollars) By Household Size (Based on 2010 Census Tracts),US Census American Community Survey (2013-2017) data table for: INCOME subject area. Provides inform ...,http://www5.kingcounty.gov/sdc/Metadata.aspx?Layer=acs_b19019_medianhsehldincomebysize
acs_b19101_familyincome,acs_b19101_familyincome,census,2013-2017 ACS: Family Income In The Past 12 Months (In Inflation-Adjusted Dollars) (Based on 2010 Census Tracts),US Census American Community Survey (2013-2017) data table for: INCOME subject area. Provides inform ...,http://www5.kingcounty.gov/sdc/Metadata.aspx?Layer=acs_b19101_familyincome
acs_b19101a_familyincomewhite,acs_b19101a_familyincomewhite,census,2013-2017 ACS: Family Income In The Past 12 Months (In Inflation-Adjusted Dollars) (White Alone Householder) (Based on 2010 Census Tracts),US Census American Community Survey (2013-2017) data table for: INCOME subject area. Provides inform ...,http://www5.kingcounty.gov/sdc/Metadata.aspx?Layer=acs_b19101a_familyincomewhite
acs_b19101b_familyincomeblack,acs_b19101b_familyincomeblack,census,2013-2017 ACS: Family Income In The Past 12 Months (In Inflation-Adjusted Dollars) (Black Or African American Alone Householder) (Based on 2010 Census Tracts),US Census American Community Survey (2013-2017) data table for: INCOME subject area. Provides inform ...,http://www5.kingcounty.gov/sdc/Metadata.aspx?Layer=acs_b19101b_familyincomeblack
acs_b19101c_familyincomeamerind,acs_b19101c_familyincomeamerind,census,2013-2017 ACS: Family Income In The Past 12 Months (In Inflation-Adjusted Dollars) (American Indian And Alaska Native Alone Householder) (Based on 2010 Census Tracts),US Census American Community Survey (2013-2017) data table for: INCOME subject area. Provides inform ...,http://www5.kingcounty.gov/sdc/Metadata.aspx?Layer=acs_b19101c_familyincomeamerind
acs_b19101d_familyincomeasian,acs_b19101d_familyincomeasian,census,2013-2017 ACS: Family Income In The Past 12 Months (In Inflation-Adjusted Dollars) (Asian Alone Householder) (Based on 2010 Census Tracts),US Census American Community Survey (2013-2017) data table for: INCOME subject area. Provides inform ...,http://www5.kingcounty.gov/sdc/Metadata.aspx?Layer=acs_b19101d_familyincomeasian
acs_b19101e_familyincomehawaiianpi,acs_b19101e_familyincomehawaiianpi,census,2013-2017 ACS: Family Income In The Past 12 Months (In Inflation-Adjusted Dollars) (Native Hawaiian And Other Pacific Islander Alone Householder) (Based on 2010 Census Tracts),US Census American Community Survey (2013-2017) data table for: INCOME subject area. Provides inform ...,http://www5.kingcounty.gov/sdc/Metadata.aspx?Layer=acs_b19101e_familyincomehawaiianpi
acs_b19101f_familyincomeotherrace,acs_b19101f_familyincomeotherrace,census,2013-2017 ACS: Family Income In The Past 12 Months (In Inflation-Adjusted Dollars) (Some Other Race Alone Householder) (Based on 2010 Census Tracts),US Census American Community Survey (2013-2017) data table for: INCOME subject area. Provides inform ...,http://www5.kingcounty.gov/sdc/Metadata.aspx?Layer=acs_b19101f_familyincomeotherrace
acs_b19101g_familyincome2races,acs_b19101g_familyincome2races,census,2013-2017 ACS: Family Income In The Past 12 Months (In Inflation-Adjusted Dollars) (Two Or More Races Householder) (Based on 2010 Census Tracts),US Census American Community Survey (2013-2017) data table for: INCOME subject area. Provides inform ...,http://www5.kingcounty.gov/sdc/Metadata.aspx?Layer=acs_b19101g_familyincome2races
acs_b19101h_familyincomewhitenothisp,acs_b19101h_familyincomewhitenothisp,census,2013-2017 ACS: Family Income In The Past 12 Months (In Inflation-Adjusted Dollars) (White Alone; Not Hispanic Or Latino Householder) (Based on 2010 Census Tracts),US Census American Community Survey (2013-2017) data table for: INCOME subject area. Provides inform ...,http://www5.kingcounty.gov/sdc/Metadata.aspx?Layer=acs_b19101h_familyincomewhitenothisp
acs_b19101i_familyincomehispanic,acs_b19101i_familyincomehispanic,census,2013-2017 ACS: Family Income In The Past 12 Months (In Inflation-Adjusted Dollars) (Hispanic Or Latino Householder) (Based on 2010 Census Tracts),US Census American Community Survey (2013-2017) data table for: INCOME subject area. Provides inform ...,http://www5.kingcounty.gov/sdc/Metadata.aspx?Layer=acs_b19101i_familyincomehispanic
acs_b19113_medianfamilyincome,acs_b19113_medianfamilyincome,census,2013-2017 ACS: Median Family Income In The Past 12 Months (In Inflation-Adjusted Dollars) (Based on 2010 Census Tracts),US Census American Community Survey (2013-2017) data table for: INCOME subject area. Provides inform ...,http://www5.kingcounty.gov/sdc/Metadata.aspx?Layer=acs_b19113_medianfamilyincome
acs_b19301_percapitaincome,acs_b19301_percapitaincome,census,2013-2017 ACS: Per Capita Income In The Past 12 Months (In Inflation-Adjusted Dollars) (Based on 2010 Census Tracts),US Census American Community Survey (2013-2017) data table for: INCOME subject area. Provides inform ...,http://www5.kingcounty.gov/sdc/Metadata.aspx?Layer=acs_b19301_percapitaincome
acs_b21001_sexagevetstatus,acs_b21001_sexagevetstatus,census,2013-2017 ACS: Sex By Age By Veteran Status For The Civilian Population 18 Years And Over (Based on 2010 Census Tracts),US Census American Community Survey (2013-2017) data table for: VETERAN STATUS subject area. Provide ...,http://www5.kingcounty.gov/sdc/Metadata.aspx?Layer=acs_b21001_sexagevetstatus
acs_b25001_housingunits,acs_b25001_housingunits,census,2013-2017 ACS: Housing Units (Based on 2010 Census Tracts),US Census American Community Survey (2013-2017) data table for: HOUSING subject area. Provides infor ...,http://www5.kingcounty.gov/sdc/Metadata.aspx?Layer=acs_b25001_housingunits
acs_b25002_occupancystatus,acs_b25002_occupancystatus,census,2013-2017 ACS: Occupancy Status (Based on 2010 Census Tracts),US Census American Community Survey (2013-2017) data table for: HOUSING subject area. Provides infor ...,http://www5.kingcounty.gov/sdc/Metadata.aspx?Layer=acs_b25002_occupancystatus
acs_b25003_tenure,acs_b25003_tenure,census,2013-2017 ACS: Tenure (Based on 2010 Census Tracts),US Census American Community Survey (2013-2017) data table for: HOUSING subject area. Provides infor ...,http://www5.kingcounty.gov/sdc/Metadata.aspx?Layer=acs_b25003_tenure
acs_b25004_vacancystatus,acs_b25004_vacancystatus,census,2013-2017 ACS: Vacancy Status (Based on 2010 Census Tracts),US Census American Community Survey (2013-2017) data table for: HOUSING subject area. Provides infor ...,http://www5.kingcounty.gov/sdc/Metadata.aspx?Layer=acs_b25004_vacancystatus
acs_b25007_tenureagehouseholder,acs_b25007_tenureagehouseholder,census,2013-2017 ACS: Tenure By Age Of Householder (Based on 2010 Census Tracts),US Census American Community Survey (2013-2017) data table for: HOUSING subject area. Provides infor ...,http://www5.kingcounty.gov/sdc/Metadata.aspx?Layer=acs_b25007_tenureagehouseholder
acs_b25009_tenurehouseholdsize,acs_b25009_tenurehouseholdsize,census,2013-2017 ACS: Tenure By Household Size (Based on 2010 Census Tracts),US Census American Community Survey (2013-2017) data table for: HOUSING subject area. Provides infor ...,http://www5.kingcounty.gov/sdc/Metadata.aspx?Layer=acs_b25009_tenurehouseholdsize
acs_b25019_aggregatenumberrooms,acs_b25019_aggregatenumberrooms,census,2013-2017 ACS: Aggregate Number Of Rooms (Based on 2010 Census Tracts),US Census American Community Survey (2013-2017) data table for: HOUSING subject area. Provides infor ...,http://www5.kingcounty.gov/sdc/Metadata.aspx?Layer=acs_b25019_aggregatenumberrooms
acs_b25024_unitsinstructure,acs_b25024_unitsinstructure,census,2013-2017 ACS: Units In Structure (Based on 2010 Census Tracts),US Census American Community Survey (2013-2017) data table for: HOUSING subject area. Provides infor ...,http://www5.kingcounty.gov/sdc/Metadata.aspx?Layer=acs_b25024_unitsinstructure
acs_b25032_tenureunitsstructure,acs_b25032_tenureunitsstructure,census,2013-2017 ACS: Tenure By Units In Structure (Based on 2010 Census Tracts),US Census American Community Survey (2013-2017) data table for: HOUSING subject area. Provides infor ...,http://www5.kingcounty.gov/sdc/Metadata.aspx?Layer=acs_b25032_tenureunitsstructure
acs_b25033_totalpophseunitstenure,acs_b25033_totalpophseunitstenure,census,2013-2017 ACS: Total Population In Occupied Housing Units By Tenure By Units In Structure (Based on 2010 Census Tracts),US Census American Community Survey (2013-2017) data table for: HOUSING subject area. Provides infor ...,http://www5.kingcounty.gov/sdc/Metadata.aspx?Layer=acs_b25033_totalpophseunitstenure
acs_b25034_yrstructurebuilt,acs_b25034_yrstructurebuilt,census,2013-2017 ACS: Year Structure Built (Based on 2010 Census Tracts),US Census American Community Survey (2013-2017) data table for: HOUSING subject area. Provides infor ...,http://www5.kingcounty.gov/sdc/Metadata.aspx?Layer=acs_b25034_yrstructurebuilt
acs_b25035_medianyrstructurebuilt,acs_b25035_medianyrstructurebuilt,census,2013-2017 ACS: Median Year Structure Built (Based on 2010 Census Tracts),US Census American Community Survey (2013-2017) data table for: HOUSING subject area. Provides infor ...,http://www5.kingcounty.gov/sdc/Metadata.aspx?Layer=acs_b25035_medianyrstructurebuilt
acs_b25036_tenureyrstructurebuilt,acs_b25036_tenureyrstructurebuilt,census,2013-2017 ACS: Tenure By Year Structure Built (Based on 2010 Census Tracts),US Census American Community Survey (2013-2017) data table for: HOUSING subject area. Provides infor ...,http://www5.kingcounty.gov/sdc/Metadata.aspx?Layer=acs_b25036_tenureyrstructurebuilt
acs_b25056_contractrent,acs_b25056_contractrent,census,2013-2017 ACS: Contract Rent (Based on 2010 Census Tracts),US Census American Community Survey (2013-2017) data table for: HOUSING subject area. Provides infor ...,http://www5.kingcounty.gov/sdc/Metadata.aspx?Layer=acs_b25056_contractrent
acs_b25057_lowercontractrentquartile,acs_b25057_lowercontractrentquartile,census,2013-2017 ACS: Lower Contract Rent Quartile (Dollars) (Based on 2010 Census Tracts),US Census American Community Survey (2013-2017) data table for: HOUSING subject area. Provides infor ...,http://www5.kingcounty.gov/sdc/Metadata.aspx?Layer=acs_b25057_lowercontractrentquartile
acs_b25058_mediancontractrent,acs_b25058_mediancontractrent,census,2013-2017 ACS: Median Contract Rent (Dollars) (Based on 2010 Census Tracts),US Census American Community Survey (2013-2017) data table for: HOUSING subject area. Provides infor ...,http://www5.kingcounty.gov/sdc/Metadata.aspx?Layer=acs_b25058_mediancontractrent
acs_b25059_uppercontractrentquartile,acs_b25059_uppercontractrentquartile,census,2013-2017 ACS: Upper Contract Rent Quartile (Dollars) (Based on 2010 Census Tracts),US Census American Community Survey (2013-2017) data table for: HOUSING subject area. Provides infor ...,http://www5.kingcounty.gov/sdc/Metadata.aspx?Layer=acs_b25059_uppercontractrentquartile
acs_b25065_aggregategrossrent,acs_b25065_aggregategrossrent,census,2013-2017 ACS: Aggregate Gross Rent (Dollars) (Based on 2010 Census Tracts),US Census American Community Survey (2013-2017) data table for: HOUSING subject area. Provides infor ...,http://www5.kingcounty.gov/sdc/Metadata.aspx?Layer=acs_b25065_aggregategrossrent
acs_b25070_grossrentpercent,acs_b25070_grossrentpercent,census,2013-2017 ACS: Gross Rent As A Percentage Of Household Income In The Past 12 Months (Based on 2010 Census Tracts),US Census American Community Survey (2013-2017) data table for: HOUSING subject area. Provides infor ...,http://www5.kingcounty.gov/sdc/Metadata.aspx?Layer=acs_b25070_grossrentpercent
acs_b25071_mediangrossrentpercent,acs_b25071_mediangrossrentpercent,census,2013-2017 ACS: Median Gross Rent As A Percentage Of Household Income In The Past 12 Months (Dollars) (Based on 2010 Census Tracts),US Census American Community Survey (2013-2017) data table for: HOUSING subject area. Provides infor ...,http://www5.kingcounty.gov/sdc/Metadata.aspx?Layer=acs_b25071_mediangrossrentpercent
acs_b25074_hsehldincomegrossrentper,acs_b25074_hsehldincomegrossrentper,census,2013-2017 ACS: Household Income By Gross Rent As A Percentage Of Household Income In The Past 12 Months (Based on 2010 Census Tracts),US Census American Community Survey (2013-2017) data table for: HOUSING subject area. Provides infor ...,http://www5.kingcounty.gov/sdc/Metadata.aspx?Layer=acs_b25074_hsehldincomegrossrentper
acs_b25076_lowervaluequartile,acs_b25076_lowervaluequartile,census,2013-2017 ACS: Lower Value Quartile (Dollars) (Based on 2010 Census Tracts),US Census American Community Survey (2013-2017) data table for: HOUSING subject area. Provides infor ...,http://www5.kingcounty.gov/sdc/Metadata.aspx?Layer=acs_b25076_lowervaluequartile
acs_b25077_medianvalue,acs_b25077_medianvalue,census,2013-2017 ACS: Median Value (Dollars) (Based on 2010 Census Tracts),US Census American Community Survey (2013-2017) data table for: HOUSING subject area. Provides infor ...,http://www5.kingcounty.gov/sdc/Metadata.aspx?Layer=acs_b25077_medianvalue
acs_b25078_uppervaluequartile,acs_b25078_uppervaluequartile,census,2013-2017 ACS: Upper Value Quartile (Dollars) (Based on 2010 Census Tracts),US Census American Community Survey (2013-2017) data table for: HOUSING subject area. Provides infor ...,http://www5.kingcounty.gov/sdc/Metadata.aspx?Layer=acs_b25078_uppervaluequartile
acs_b25083_medianvaluemobilehomes,acs_b25083_medianvaluemobilehomes,census,2013-2017 ACS: Median Value (Dollars) For Mobile Homes (Based on 2010 Census Tracts),US Census American Community Survey (2013-2017) data table for: HOUSING subject area. Provides infor ...,http://www5.kingcounty.gov/sdc/Metadata.aspx?Layer=acs_b25083_medianvaluemobilehomes
acs_b25091_mortgagepercenthsehldinc,acs_b25091_mortgagepercenthsehldinc,census,2013-2017 ACS: Mortgage Status By Selected Monthly Owner Costs As A Percentage Of Household Income In The Past 12 Months (Based on 2010 Census Tracts),US Census American Community Survey (2013-2017) data table for: HOUSING subject area. Provides infor ...,http://www5.kingcounty.gov/sdc/Metadata.aspx?Layer=acs_b25091_mortgagepercenthsehldinc
acs_b25094_selectedmonthlyownercosts,acs_b25094_selectedmonthlyownercosts,census,2013-2017 ACS: Selected Monthly Owner Costs (Based on 2010 Census Tracts),US Census American Community Survey (2013-2017) data table for: HOUSING subject area. Provides infor ...,http://www5.kingcounty.gov/sdc/Metadata.aspx?Layer=acs_b25094_selectedmonthlyownercosts
acs_b25095_hsehldincownercostpercent,acs_b25095_hsehldincownercostpercent,census,2013-2017 ACS: Household Income By Selected Monthly Owner Costs As A Percentage Of Household Income In The Past 12 Months (Based on 2010 Census Tracts),US Census American Community Survey (2013-2017) data table for: HOUSING subject area. Provides infor ...,http://www5.kingcounty.gov/sdc/Metadata.aspx?Layer=acs_b25095_hsehldincownercostpercent
acs_b26001_groupquarterspopulation,acs_b26001_groupquarterspopulation,census,2013-2017 ACS: Group Quarters Population (Based on 2010 Census Tracts),US Census American Community Survey (2013-2017) data table for: GROUP QUARTERS subject area. Provide ...,http://www5.kingcounty.gov/sdc/Metadata.aspx?Layer=acs_b26001_groupquarterspopulation
acs_b27001_healthinscover,acs_b27001_healthinscover,census,2013-2017 ACS: Health Insurance Coverage Status By Sex By Age (Based on 2010 Census Tracts),US Census American Community Survey (2013-2017) data table for: HEALTH INSURANCE subject area. Provi ...,http://www5.kingcounty.gov/sdc/Metadata.aspx?Layer=acs_b27001_healthinscover
acs_b28001_typecomputerhshld,acs_b28001_typecomputerhshld,census,2013-2017 ACS: Types Of Computers In Household (Based on 2010 Census Tracts),US Census American Community Survey (2013-2017) data table for: COMPUTER AND INTERNET USAGE subject  ...,http://www5.kingcounty.gov/sdc/Metadata.aspx?Layer=acs_b28001_typecomputerhshld
acs_b28003_typeintersubscriphshld,acs_b28003_typeintersubscriphshld,census,2013-2017 ACS: Presence Of A Computer And Type Of Internet Subscription In Household (Based on 2010 Census Tracts),US Census American Community Survey (2013-2017) data table for: COMPUTER AND INTERNET USAGE subject  ...,http://www5.kingcounty.gov/sdc/Metadata.aspx?Layer=acs_b28003_typeintersubscriphshld
acs_b28005_agetypeinternethshld,acs_b28005_agetypeinternethshld,census,2013-2017 ACS: Age By Presence Of A Computer And Types Of Internet Subscription In Household (Based on 2010 Census Tracts),US Census American Community Survey (2013-2017) data table for: COMPUTER AND INTERNET USAGE subject  ...,http://www5.kingcounty.gov/sdc/Metadata.aspx?Layer=acs_b28005_agetypeinternethshld
acs_b28006_edutypeinternethshld,acs_b28006_edutypeinternethshld,census,2013-2017 ACS: Educational Attainment By Presence Of A Computer And Types Of Internet Subscription In Household (Based on 2010 Census Tracts),US Census American Community Survey (2013-2017) data table for: COMPUTER AND INTERNET USAGE subject  ...,http://www5.kingcounty.gov/sdc/Metadata.aspx?Layer=acs_b28006_edutypeinternethshld
acs_b28007_labortypeinternethshld,acs_b28007_labortypeinternethshld,census,2013-2017 ACS: Labor Force Status By Presence Of A Computer And Types Of Internet Subscription In Household (Based on 2010 Census Tracts),US Census American Community Survey (2013-2017) data table for: COMPUTER AND INTERNET USAGE subject  ...,http://www5.kingcounty.gov/sdc/Metadata.aspx?Layer=acs_b28007_labortypeinternethshld
acs_b28008_typeintersubscrippop,acs_b28008_typeintersubscrippop,census,2013-2017 ACS: Presence Of A Computer And Type Of Internet Subscription In Household (Based on 2010 Census Tracts),US Census American Community Survey (2013-2017) data table for: COMPUTER AND INTERNET USAGE subject  ...,http://www5.kingcounty.gov/sdc/Metadata.aspx?Layer=acs_b28008_typeintersubscrippop
acs_c16002_hsehldlanglimengspeak,acs_c16002_hsehldlanglimengspeak,census,2013-2017 ACS: Household Language By Household Limited English Speaking Status (Based on 2010 Census Tracts),US Census American Community Survey (2013-2017) data table for: LANGUAGE subject area. Provides info ...,http://www5.kingcounty.gov/sdc/Metadata.aspx?Layer=acs_c16002_hsehldlanglimengspeak
acs_c17002_ratioincomepoverty,acs_c17002_ratioincomepoverty,census,2013-2017 ACS: Ratio Of Income To Poverty Level In The Past 12 Months (Based on 2010 Census Tracts),US Census American Community Survey (2013-2017) data table for: POVERTY subject area. Provides infor ...,http://www5.kingcounty.gov/sdc/Metadata.aspx?Layer=acs_c17002_ratioincomepoverty
acs_c24010_sexoccupation,acs_c24010_sexoccupation,census,2013-2017 ACS: Sex By Occupation For The Civilian Employed Population 16 Years And Over (Based on 2010 Census Tracts),US Census American Community Survey (2013-2017) data table for: INDUSTRY-OCCUPATION-CLASS OF WORKER  ...,http://www5.kingcounty.gov/sdc/Metadata.aspx?Layer=acs_c24010_sexoccupation
acs_c24030_sexbyindustry,acs_c24030_sexbyindustry,census,2013-2017 ACS: Sex By Industry For The Civilian Employed Population 16 Years And Over (Based on 2010 Census Tracts),US Census American Community Survey (2013-2017) data table for: INDUSTRY-OCCUPATION-CLASS OF WORKER  ...,http://www5.kingcounty.gov/sdc/Metadata.aspx?Layer=acs_c24030_sexbyindustry
acs_s1601_languagespokeathome,acs_s1601_languagespokeathome,census,2013-2017 ACS: Language Spoken At Home (Based on 2010 Census Tracts),US Census American Community Survey (2013-2017) data table for: LANGUAGE subject area. Provides info ...,http://www5.kingcounty.gov/sdc/Metadata.aspx?Layer=acs_s1601_languagespokeathome
acs_s2801_typecompinternetsub,acs_s2801_typecompinternetsub,census,2013-2017 ACS: Types Of Computers And Internet Subscriptions (Based on 2010 Census Tracts),US Census American Community Survey (2013-2017) data table for: COMPUTER AND INTERNET subject area.  ...,http://www5.kingcounty.gov/sdc/Metadata.aspx?Layer=acs_s2801_typecompinternetsub
acs_s2802_typeinternetsubselchar,acs_s2802_typeinternetsubselchar,census,2013-2017 ACS: Types Of Internet Subscriptions By Selected Characteristics (Based on 2010 Census Tracts),US Census American Community Survey (2013-2017) data table for: COMPUTER AND INTERNET subject area.  ...,http://www5.kingcounty.gov/sdc/Metadata.aspx?Layer=acs_s2802_typeinternetsubselchar
ada_ramp,ada_ramp_point,transportation,Maint.ROADS.ADA_Ramp_point,The feature class is the asset inventory for ADA Ramps within unincorporated King County. This data  ...,http://www5.kingcounty.gov/sdc/Metadata.aspx?Layer=ada_ramp
addr_sitetype_lut,addr_sitetype_lut,admin,Look Up (Decode) table for ADDRESS_POINT sitetype ITEM,Table related to ADDRESS_POINT that decodes SITETYPE item. SITETYPE item values are somewhat cryptic ...,http://www5.kingcounty.gov/sdc/Metadata.aspx?Layer=addr_sitetype_lut
address,address_point,admin,Addresses in King County,A comprehensive address file containing a point for every addressable site within King County. It is ...,http://www5.kingcounty.gov/sdc/Metadata.aspx?Layer=address
adverse_weather_districts,adverse_weather_districts_area,transportation,Metro Adverse Weather Districts in King County,The Adverse Weather Areas are a means whereby responding agencies within King County can geographica ...,http://www5.kingcounty.gov/sdc/Metadata.aspx?Layer=adverse_weather_districts
agrpddst,agrpddst_area,natres,Agricultural Production District,The Comprehensive Plan designates Agricultural Production Districts where the principal land use sho ...,http://www5.kingcounty.gov/sdc/Metadata.aspx?Layer=agrpddst
airdst,airdst_area,district,Airport Districts of King County,Airport District encompassing Vashon-Maury Island ...,http://www5.kingcounty.gov/sdc/Metadata.aspx?Layer=airdst
airports,airports_area,transportation,Airports in King County,Airport features for King County. ...,http://www5.kingcounty.gov/sdc/Metadata.aspx?Layer=airports
annexed_landslide_sao1990,annexed_landslide_sao1990_area,enviro,Landslide hazards; incorporated KC 1990,This area was categorized as within a potential landslide hazard by the 1990 King County Sensitive A ...,http://www5.kingcounty.gov/sdc/Metadata.aspx?Layer=annexed_landslide_sao1990
antiicer_route,antiicer_route_line,transportation,Roads Anti-Ice Routes,Routes in unincorporated King County that are part of the King County anti-ice operations as well as ...,http://www5.kingcounty.gov/sdc/Metadata.aspx?Layer=antiicer_route
asgwc,asgwc_area,enviro,Areas Susceptible to Groundwater Contamination,Areas susceptible to groundwater contamination ...,http://www5.kingcounty.gov/sdc/Metadata.aspx?Layer=asgwc
ballot_dropbox,ballot_dropbox_point,admin,Ballot Drop Boxes in King County ,Ballot drop boxes in King County for purposes of election. This featureclass is part of the COMMON_I ...,http://www5.kingcounty.gov/sdc/Metadata.aspx?Layer=ballot_dropbox
barricade,barricade_point,transportation,Barricades maintained by King County Roads Division,Barricade is any object or structure that creates a barrier or obstacle to control; block passage or ...,http://www5.kingcounty.gov/sdc/Metadata.aspx?Layer=barricade
basin_condition,basin_condition_area,enviro,Environmental Condition of Basins,Environmental conditons of Drainage Basins. Used as a tool to regulate land use according the 2005 K ...,http://www5.kingcounty.gov/sdc/Metadata.aspx?Layer=basin_condition
bike_lockers,bike_lockers_point,transportation,King County Transit Facilities With Bicycle Lockers,Point locations of transit facilities that have bike locker storage ...,http://www5.kingcounty.gov/sdc/Metadata.aspx?Layer=bike_lockers
blkgrp00,blkgrp00_area,census,Census 2000 Block Groups,US Census Bureau Block Groups conflated to Assessor Land Record Geodatabase ...,http://www5.kingcounty.gov/sdc/Metadata.aspx?Layer=blkgrp00
blkgrp00_shore,blkgrp00_shore_area,census,Census 2000 Block Groups - Major WTRBDY Features Removed,US Census Bureau Block Groups conflated to Assessor Land Record Geodatabase ...,http://www5.kingcounty.gov/sdc/Metadata.aspx?Layer=blkgrp00_shore
blkgrp00_shore_center,blkgrp00_shore_center_point,census,2000 Census Block Group - Centers for water clipped features,US Census Bureau Block Groups conflated to Assessor Land Record Geodatabase ...,http://www5.kingcounty.gov/sdc/Metadata.aspx?Layer=blkgrp00_shore_center
blkgrp10,blkgrp10_area,census,2010 Census Blocks for King County - Conflated to Parcels,The TIGER/Line Files are shapefiles and related database files (.dbf) that are an extract of selecte ...,http://www5.kingcounty.gov/sdc/Metadata.aspx?Layer=blkgrp10
blkgrp10_shore,blkgrp10_shore_area,census,2010 Census Block Groups for King County - Conflated to Parcels - Major Waterbodies Erased,The TIGER/Line Files are shapefiles and related database files (.dbf) that are an extract of selecte ...,http://www5.kingcounty.gov/sdc/Metadata.aspx?Layer=blkgrp10_shore
blkgrp10_shore_center,blkgrp10_shore_center_point,census,2010 Census Block Groups for King County - Conflated to Parcels - Major Waterbodies Erased - Block Group Centers,The TIGER/Line Files are shapefiles and related database files (.dbf) that are an extract of selecte ...,http://www5.kingcounty.gov/sdc/Metadata.aspx?Layer=blkgrp10_shore_center
blocks00,blocks00_area,census,Census 2000 Blocks,Census Bureau Blocks conflated to Assessor Land Record Geodatabase ...,http://www5.kingcounty.gov/sdc/Metadata.aspx?Layer=blocks00
blocks10,blocks10_area,census,2010 Census Blocks for King County - Conflated to Parcels,The TIGER/Line Files are shapefiles and related database files (.dbf) that are an extract of selecte ...,http://www5.kingcounty.gov/sdc/Metadata.aspx?Layer=blocks10
bridges,bridges_point,transportation,Bridges Maintained by King County,This dataset covers bridge structures in unincorporated King County; contract cites; and King County ...,http://www5.kingcounty.gov/sdc/Metadata.aspx?Layer=bridges
bus_bases,bus_bases_point,transportation,Metro Bus Bases in King County,The garage or depot for storage; fueling; and/or maintaince of buses when not in service. Transit op ...,http://www5.kingcounty.gov/sdc/Metadata.aspx?Layer=bus_bases
business,business_point,transportation,PLIBRARY.TRANSPORTATION.xxxx798100,UnknownAbstract0 ...,http://www5.kingcounty.gov/sdc/Metadata.aspx?Layer=business
cara,cara_area,enviro,Critical Aquifer Recharge Areas,Critical Aquifer Recharge Areas ...,http://www5.kingcounty.gov/sdc/Metadata.aspx?Layer=cara
cemdst,cemdst_area,district,Cemetery Districts of King County,Cemetery District encompassing Vashon-Maury Island ...,http://www5.kingcounty.gov/sdc/Metadata.aspx?Layer=cemdst
changeablemessagesign,changeablemessagesign_point,transportation,Changeable Message Sign,King County Roads Division changeable message signs; also known as variable or electronic message si ...,http://www5.kingcounty.gov/sdc/Metadata.aspx?Layer=changeablemessagesign
charging_stations,charging_stations_point,transportation,King County Transit Facilities with Electrical Outlets,Location of Electrical Outlets at KC metro transit facilities ...,http://www5.kingcounty.gov/sdc/Metadata.aspx?Layer=charging_stations
chinbuff,chinbuff_area,enviro,Mapped Chinook Distribution in King County,Buffer of Recorded Chinook Distribution in King CountyWRIA 7 Snohomish Drainage - Snohomish County P ...,http://www5.kingcounty.gov/sdc/Metadata.aspx?Layer=chinbuff
chnlmigr,chnlmigr_area,hydro,Channel Migration Areas in King County,Channel migration hazards for six King County rivers: Raging River; Tolt River; Three Forks area of  ...,http://www5.kingcounty.gov/sdc/Metadata.aspx?Layer=chnlmigr
cip_dnrp,cip_dnrp_point,planning,Capital Improvement Projects (CIP) - DNRP,Locations of active Capital Improvement Projects in King County. ...,http://www5.kingcounty.gov/sdc/Metadata.aspx?Layer=cip_dnrp
city,city_area,admin,Incorporated Areas of King County,Current boundaries for King County incorporated places. This is extracted from CITY_ANNEX_AREA. ...,http://www5.kingcounty.gov/sdc/Metadata.aspx?Layer=city
city_annex,city_annex_area,admin,Cities with Pending Annexations and Annexation History,City data showing pending annexations and annexation history. This will be the parent of city_kc_are ...,http://www5.kingcounty.gov/sdc/Metadata.aspx?Layer=city_annex
city_kc,city_kc_area,admin,Incorporated Areas of King County,Current boundaries for King County incorporated places. This is extracted from CITY_ANNEX_AREA. ...,http://www5.kingcounty.gov/sdc/Metadata.aspx?Layer=city_kc
city_lut,city_lut,admin,City Jurisdiction Code  Lookup Table,Lookup table for city jurisdiction codes and jurisdicions names. ...,http://www5.kingcounty.gov/sdc/Metadata.aspx?Layer=city_lut
citydst,citydst_area,district,Incorporated Areas of King County,Incorporated cities and unincorporated areas of King County maintained for election purposes ...,http://www5.kingcounty.gov/sdc/Metadata.aspx?Layer=citydst
coalmine,coalmine_area,enviro,Coal Mine Hazards,The King County Sensitive Areas Ordinance (SAO) defines coal mine hazard areas as those areas direct ...,http://www5.kingcounty.gov/sdc/Metadata.aspx?Layer=coalmine
code_restriction,code_restriction_area,planning,Clearing Restriction Areas,Areas with Restrictions on Clearing of Vegetation. This layer uses parcels to create it. This origin ...,http://www5.kingcounty.gov/sdc/Metadata.aspx?Layer=code_restriction
comfort_stations,comfort_stations_point,transportation,King County Metro Comfort Stations,Contains names; locations; hours and contact information of restroom facilities accessible to transi ...,http://www5.kingcounty.gov/sdc/Metadata.aspx?Layer=comfort_stations
common_interest,common_interest_point,admin,Common Points of Interest for King County,Authoritative Points-of-Interest layer for King County. Contains over 45 different domain classes sh ...,http://www5.kingcounty.gov/sdc/Metadata.aspx?Layer=common_interest
community_plan,community_plan_area,planning,Community Plan Area,Each community plan area represents a portion of the county that was covered by a Community Land Use ...,http://www5.kingcounty.gov/sdc/Metadata.aspx?Layer=community_plan
community_service_area,community_service_area_area,admin,Community Service Areas in King County,Boundaries of the seven King County Unincorporated Community Service Areas (CSA). The Community Serv ...,http://www5.kingcounty.gov/sdc/Metadata.aspx?Layer=community_service_area
complu,complu_area,planning,Comprehensive Plan Land Use,A comprehensive plan is a generalized; coordinated land use policy statement of the governing body o ...,http://www5.kingcounty.gov/sdc/Metadata.aspx?Layer=complu
complu_designations,complu_designations,planning,UnknownTitle1,UnknownAbstract2 ...,http://www5.kingcounty.gov/sdc/Metadata.aspx?Layer=complu_designations
congdst,congdst_area,district,Congressional Districts in King County,This data layer describes the boundaries of the Washington State Congressional districts within King ...,http://www5.kingcounty.gov/sdc/Metadata.aspx?Layer=congdst
critical_areas,critical_areas_area,enviro,Areas of Critical Environmental Sensitivity defined by King County CAO,This layer contains critical areas and their buffers on specific parcels that have undergone Critica ...,http://www5.kingcounty.gov/sdc/Metadata.aspx?Layer=critical_areas
cso_outfalls,cso_outfalls_point,utility,Wastewater Combined Sewer Overflow (CSO) Outfall Locations of King County,Combined Sewer Overflows (CSOs) are relief points in older sewer systems that carry sewage and storm ...,http://www5.kingcounty.gov/sdc/Metadata.aspx?Layer=cso_outfalls
curb,curb_line,transportation,Curb maintained by King County Roads Division,Curb is a concrete border forming part of a gutter along the edge of the street. An extruded curb is ...,http://www5.kingcounty.gov/sdc/Metadata.aspx?Layer=curb
cut_pbrs_timber,cut_pbrs_timber_area,natres,King County Public Benefit Rating System and Timberland Current Use Taxation Properties,The Public Benefit Rating System (PBRS) and the Timber Land programs provide incentives to encourage ...,http://www5.kingcounty.gov/sdc/Metadata.aspx?Layer=cut_pbrs_timber
dart,dart_area,transportation,King County Metro's Dial-A-Ride Transit (DART),Contains the service areas for Metro's Dial-A-Ride transit service. ...,http://www5.kingcounty.gov/sdc/Metadata.aspx?Layer=dart
delineator,delineator_point,transportation,Traffic Delineator,Delineators refer to the small reflectors generally elevated on small flexible posts placed alongsid ...,http://www5.kingcounty.gov/sdc/Metadata.aspx?Layer=delineator
demographic_base,demographic_base_area,census,2017 Demographic Base,Basic demographics by census tracts in King County based on 2013 - 2017 American Community Survey 5  ...,http://www5.kingcounty.gov/sdc/Metadata.aspx?Layer=demographic_base
demographic_index,demographic_index_area,census,2017 Consolidated Demographics Index,This layer was originally created to support the STAR Rating System objective EE-4: Equitable Servic ...,http://www5.kingcounty.gov/sdc/Metadata.aspx?Layer=demographic_index
designated_centers,designated_centers_point,planning,Centers Designated for Urban and Commercial Land Use in King County,The Multicounty and Countywide Planning Policies guide the development of urban centers; which are p ...,http://www5.kingcounty.gov/sdc/Metadata.aspx?Layer=designated_centers
development_condition,development_condition_area,planning,Development Conditions for Unincorporated King County,Development Conditions. Property specific land use regulations that apply conditions to permited dev ...,http://www5.kingcounty.gov/sdc/Metadata.aspx?Layer=development_condition
dgm_source,dgm_source_area,survey,Digital Ground Model Data Sources for King County,Digital Ground Model Data Sources for King County and surrounding Kitsap; Island; Pierce; and Snohom ...,http://www5.kingcounty.gov/sdc/Metadata.aspx?Layer=dgm_source
dgm_source_current,dgm_source_current_area,survey,Current Digital Ground Model Data Sources for King County,Digital Ground Model Data Sources for King County and surrounding Kitsap; Island; Pierce; and Snohom ...,http://www5.kingcounty.gov/sdc/Metadata.aspx?Layer=dgm_source_current
dirdst,dirdst_area,district,Seattle School Board Director Districts,Seattle Public School District director district boundaries. ...,http://www5.kingcounty.gov/sdc/Metadata.aspx?Layer=dirdst
drainage_complaint,drainage_complaint_area,property,Drainage Complaints,Drainage complaints reported to King County Dept of Natural Resources and Parks; Water and Land Reso ...,http://www5.kingcounty.gov/sdc/Metadata.aspx?Layer=drainage_complaint
dstcode,dstcode_area,district,District Codes,A superset of all election levy codes ...,http://www5.kingcounty.gov/sdc/Metadata.aspx?Layer=dstcode
emergency_service_network,emergency_service_network_line,transportation,PLIBRARY.TRANSPORTATION.EMERGENCY_SERVICE_NETWORK_LINE,UnknownAbstract0 ...,http://www5.kingcounty.gov/sdc/Metadata.aspx?Layer=emergency_service_network
erode,erode_area,enviro,Erosion Hazards,The Sensitive Ares Ordinance (SAO) defines significant erosion hazard areas as those soils in King C ...,http://www5.kingcounty.gov/sdc/Metadata.aspx?Layer=erode
evacuationroutes,evacuationroutes_line,transportation,Evacuation Routes for Green River Valley,Evacuation routes were developed for the potential inundation of the lower; middle; and upper Green  ...,http://www5.kingcounty.gov/sdc/Metadata.aspx?Layer=evacuationroutes
facility,facility_point,utility,Wastewater Treatment Facilities of King County,All of the manholes; pump stations; regulator stations; and treatment plants involved in conveyance  ...,http://www5.kingcounty.gov/sdc/Metadata.aspx?Layer=facility
facility_nonrevenue,facility_nonrevenue_point,transportation,Metro Facility Non Revenue in King County,King County Metro transit facilities other than Park and Rides; bus bases; transit centers. ...,http://www5.kingcounty.gov/sdc/Metadata.aspx?Layer=facility_nonrevenue
facility_revenue,facility_revenue_area,transportation,Metro Facility Revenue in King County,Facility Revenue is a planimetric representation of the bay layout at transit centers ...,http://www5.kingcounty.gov/sdc/Metadata.aspx?Layer=facility_revenue
facilityplannerdistrict,facilityplannerdistrict_area,transportation,maint.TRANSIT.FacilityPlannerDistrict_area,UnknownAbstract0 ...,http://www5.kingcounty.gov/sdc/Metadata.aspx?Layer=facilityplannerdistrict
farmers_markets,farmers_markets_point,natres,Farmers Markets in King County,King County Farmer Markets ...,http://www5.kingcounty.gov/sdc/Metadata.aspx?Layer=farmers_markets
farmland,farmland_area,natres,Farmland Preservation Program Properties,Properties within the Farmland Preservation Program for which the development rights have been sold  ...,http://www5.kingcounty.gov/sdc/Metadata.aspx?Layer=farmland
fence,fence_line,transportation,Fence maintained by King County Roads Division,Fence is a structure functioning as a boundary or barrier; usually made of posts; boards; wire or ra ...,http://www5.kingcounty.gov/sdc/Metadata.aspx?Layer=fence
firdst,firdst_area,district,Fire Protection Districts of King County,This data layer describes the fire protection districts in King County ...,http://www5.kingcounty.gov/sdc/Metadata.aspx?Layer=firdst
firestn,firestn_point,pubsafe,Fire Station Locations in King County,Point location of fire stations in King County ...,http://www5.kingcounty.gov/sdc/Metadata.aspx?Layer=firestn
flasher,flasher_point,transportation,UnknownTitle0,UnknownAbstract0 ...,http://www5.kingcounty.gov/sdc/Metadata.aspx?Layer=flasher
fldplain_100yr,fldplain_100yr_area,hydro,100 Year Floodplain in King County,100 year floodplain are areas that will be inundated by the flood event having a 1-percent chance of ...,http://www5.kingcounty.gov/sdc/Metadata.aspx?Layer=fldplain_100yr
flood_photo,flood_photo_point,hydro,Flood Photos Along Major River Systems,Flood photos taken along major river systems following a flood event. ...,http://www5.kingcounty.gov/sdc/Metadata.aspx?Layer=flood_photo
floodway,floodway_area,hydro,Floodways in King County,A compilation of best available floodway boundaries. A floodway is the channel of a stream plus any  ...,http://www5.kingcounty.gov/sdc/Metadata.aspx?Layer=floodway
food_facilities,food_facilities_point,admin,Food Facilites - Multiple Classes - For King County,Unique selection; by food facility name; from the King County Dept of Health Restaurant Inspection d ...,http://www5.kingcounty.gov/sdc/Metadata.aspx?Layer=food_facilities
forpddst,forpddst_area,natres,Forest Production Districts,The Comprehensive Plan designates Forest Production Districts where the primary use should be commer ...,http://www5.kingcounty.gov/sdc/Metadata.aspx?Layer=forpddst
freeway_speeds_actual,freeway_speeds_actual_point,transportation,Speeds (Actual) Collected from KC Transit Access Vans on Freeways and Major Highways,Analysis of actual weekday vehicle speeds along the major highway and freeway corridors within the K ...,http://www5.kingcounty.gov/sdc/Metadata.aspx?Layer=freeway_speeds_actual
gutter,gutter_line,transportation,Gutter maintained by King County Roads Division,Gutter is a channel for draining off water at the edge of a roadway; or on the roadway. ...,http://www5.kingcounty.gov/sdc/Metadata.aspx?Layer=gutter
gwma,gwma_area,planning,UnknownTitle0,UnknownAbstract0 ...,http://www5.kingcounty.gov/sdc/Metadata.aspx?Layer=gwma
gwsource,gwsource_point,hydro,Groundwater Sources,Locations of groundwater sources organized into 3 categories (as defined by the attribute SRC_TYPE)  ...,http://www5.kingcounty.gov/sdc/Metadata.aspx?Layer=gwsource
headwall,headwall_point,transportation,Headwall maintained by King County Roads Division,Headwall is a wall of masonry or concrete built at the outlet of a drainpipe or culvert with the end ...,http://www5.kingcounty.gov/sdc/Metadata.aspx?Layer=headwall
heritage_corridors,heritage_corridors_line,transportation,Heritage Corridors,Roads in Unincorporated King County identified; studied and selected that still possessed the highes ...,http://www5.kingcounty.gov/sdc/Metadata.aspx?Layer=heritage_corridors
hospitals,hospitals_point,pubsafe,Acute Service Hospitals in King County,Acute services (Trauma) hospitals in King County. ...,http://www5.kingcounty.gov/sdc/Metadata.aspx?Layer=hospitals
hspdst,hspdst_area,district,Hospital Districts,Hospital districts in King County. ...,http://www5.kingcounty.gov/sdc/Metadata.aspx?Layer=hspdst
hydrogauge,hydrogauge_point,hydro,King County Hydrological Monitoring Gauges,This dataset shows the locations of King County maintained hydrological gauges from 1994 to the pres ...,http://www5.kingcounty.gov/sdc/Metadata.aspx?Layer=hydrogauge
idxp7500,idxp7500_area,survey,IDXP7500 - 7500-ft Tiling Index for King County Raster Data,A spatial tiling index designed for storage of file-based image and other raster (i.e.; LiDAR elevat ...,http://www5.kingcounty.gov/sdc/Metadata.aspx?Layer=idxp7500
idxptrmbr,idxptrmbr_area,survey,IDXPTRMBR - Township Tiling Index for King County Raster Data,A spatial tiling index designed for storage of file-based image and other raster (i.e.; LiDAR elevat ...,http://www5.kingcounty.gov/sdc/Metadata.aspx?Layer=idxptrmbr
iwpermits,iwpermits_point,utility,Industrial Waste Permits for KC-WTD Service Area,All active dischargers that generate and dispose of industrial wastewater to the King County sewer s ...,http://www5.kingcounty.gov/sdc/Metadata.aspx?Layer=iwpermits
jerseybarrier,jerseybarrier_line,transportation,Jersey Barrier maintained by King County Roads Division,A Jersey barrier or Jersey wall is a modular concrete or plastic barrier employed to separate lanes  ...,http://www5.kingcounty.gov/sdc/Metadata.aspx?Layer=jerseybarrier
juddst,juddst_area,district,District Court of King County,District court divisions of King County. ...,http://www5.kingcounty.gov/sdc/Metadata.aspx?Layer=juddst
kcaddrgrid,kcaddrgrid_line,transportation,Addressing Grid Reference for King County,Provides the street number corresponding to various State Plane based linear features (section lines ...,http://www5.kingcounty.gov/sdc/Metadata.aspx?Layer=kcaddrgrid
kccdst,kccdst_area,district,Metropolitan King County Council,Shows the current Metropolitan King County Council District boundaries. ...,http://www5.kingcounty.gov/sdc/Metadata.aspx?Layer=kccdst
kcp_loc,kcp_loc_point,pubsafe,Police Station Locations in King County,Police station locations in King County ...,http://www5.kingcounty.gov/sdc/Metadata.aspx?Layer=kcp_loc
kcwhpa_10yr,kcwhpa_10yr_area,utility,Wellhead Protection Areas - Ten Year Time of Travel,Wellhead Protection Areas "Time of Travel" for Group A Wells - the area where contamination can flow ...,http://www5.kingcounty.gov/sdc/Metadata.aspx?Layer=kcwhpa_10yr
kcwhpa_1yr,kcwhpa_1yr_area,utility,Wellhead Protection Areas - One Year Time of Travel,Wellhead Protection Areas "Time of Travel" for Group A Wells - the area where contamination can flow ...,http://www5.kingcounty.gov/sdc/Metadata.aspx?Layer=kcwhpa_1yr
kcwhpa_5yr,kcwhpa_5yr_area,utility,Wellhead Protection Areas - Five Year Time of Travel,Wellhead Protection Areas "Time of Travel" for Group A Wells - the area where contamination can flow ...,http://www5.kingcounty.gov/sdc/Metadata.aspx?Layer=kcwhpa_5yr
kcwhpa_6mo,kcwhpa_6mo_area,utility,Wellhead Protection Areas - Six Month Time of Travel,Wellhead Protection Areas "Time of Travel" for Group A Wells - the area where contamination can flow ...,http://www5.kingcounty.gov/sdc/Metadata.aspx?Layer=kcwhpa_6mo
kingco,kingco_area,politicl,King County Political Boundary (no waterbodies),King County Political Boundary extracted from WASHCO_AREA. ...,http://www5.kingcounty.gov/sdc/Metadata.aspx?Layer=kingco
kingsh,kingsh_area,politicl,King County with Natural Shoreline for Puget Sound and Lake Washington,County boundaries for King County; with Puget Sound and Lake Washington removed; showing coastal sho ...,http://www5.kingcounty.gov/sdc/Metadata.aspx?Layer=kingsh
lake_buoy,lake_buoy_point,hydro,King County Lake Monitoring Buoys,This dataset has lake buoy locations of currently active and inactive profiling buoys and surface me ...,http://www5.kingcounty.gov/sdc/Metadata.aspx?Layer=lake_buoy
landmark,landmark_point,transportation,King County Landmarks,Key landmarks within King County categorized into several major classes including but not limited to ...,http://www5.kingcounty.gov/sdc/Metadata.aspx?Layer=landmark
landmark_alias,landmark_alias,transportation,UnknownTitle0,UnknownAbstract0 ...,http://www5.kingcounty.gov/sdc/Metadata.aspx?Layer=landmark_alias
landslide_buffer,landslide_buffer_area,enviro,Potential landslide hazard areas 50-foot buffer 2016,This area is within 50 feet of a potential landslide hazard area.http://www.kingcounty.gov/~/media/o ...,http://www5.kingcounty.gov/sdc/Metadata.aspx?Layer=landslide_buffer
landslide_hazard,landslide_hazard_area,enviro,Potential landslide hazard areas 2016,This area has been categorized as a potential landslide hazard area. The map does not purport to ide ...,http://www5.kingcounty.gov/sdc/Metadata.aspx?Layer=landslide_hazard
landuse_kc_consol_20,landuse_kc_consol_20_area,planning,Comprehensive Plan Land Use Designations for King County - 20 Categories,Comprehensive plan land use compiled from jurisdictions within King County. Landuse categories conso ...,http://www5.kingcounty.gov/sdc/Metadata.aspx?Layer=landuse_kc_consol_20
legdst,legdst_area,district,Washington State Legislative Districts in King County,Depicts boundaries of the legislative districts in King County after the 2012 redistricting. ...,http://www5.kingcounty.gov/sdc/Metadata.aspx?Layer=legdst
libdst,libdst_area,district,Rural Library District,Rural library district boundaries within King County. ...,http://www5.kingcounty.gov/sdc/Metadata.aspx?Layer=libdst
lidar_2016_groundcheck,lidar_2016_groundcheck_point,survey,RTK Ground Check Points for 2016 King County/Puget Sound Lidar Consortium Lidar Project,RTK ground check points are used to assess the vertical accuracy of the LiDAR data. Data was process ...,http://www5.kingcounty.gov/sdc/Metadata.aspx?Layer=lidar_2016_groundcheck
lidar_2016_groundcontrol,lidar_2016_groundcontrol_point,survey,RTK Ground Control Points for 2016 King County/Puget Sound Lidar Consortium Lidar Project,RTK (real time kinematic) ground control points collected for the PSLC King County Delivery Lidar da ...,http://www5.kingcounty.gov/sdc/Metadata.aspx?Layer=lidar_2016_groundcontrol
lidar_2016_groundctlmon,lidar_2016_groundctlmon_point,survey,Ground Control Monuments for 2016 King County/Puget Sound Lidar Consortium Lidar Project,All ground control monuments utilized for the PSLC King County Lidar dataset. Ground control monumen ...,http://www5.kingcounty.gov/sdc/Metadata.aspx?Layer=lidar_2016_groundctlmon
lidar_2016_sbet,lidar_2016_sbet_point,survey,2016 Lidar Project - SBET - Sensor Location; Time and Date,Simplified 2016 King County Lidar Project SBET data. SBET means Smoothed Best Estimate of Trajectory ...,http://www5.kingcounty.gov/sdc/Metadata.aspx?Layer=lidar_2016_sbet
lifeline_route,lifeline_route_line,transportation,PLIBRARY.TRANSPORTATION.xxxx1179037,UnknownAbstract0 ...,http://www5.kingcounty.gov/sdc/Metadata.aspx?Layer=lifeline_route
lsr_ds_closeddepressions,lsr_ds_closeddepressions_area,enviro,Landslide Hazards along River Corridors - Closed depressions (where water may pond),Where fluvial or coastal erosion has created steep; high slopes in glacial sediments; these slopes s ...,http://www5.kingcounty.gov/sdc/Metadata.aspx?Layer=lsr_ds_closeddepressions
lsr_ds_headscarpflank,lsr_ds_headscarpflank_area,enviro,Landslide Hazards along River Corridors - Headscarp and flanks (steep slopes on top and side of a slide),Where fluvial or coastal erosion has created steep; high slopes in glacial sediments; these slopes s ...,http://www5.kingcounty.gov/sdc/Metadata.aspx?Layer=lsr_ds_headscarpflank
lsr_ds_landslidebody,lsr_ds_landslidebody_area,enviro,Landslide Hazards along River Corridors - Landslide body (where debris from a slide has been deposited),Where fluvial or coastal erosion has created steep; high slopes in glacial sediments; these slopes s ...,http://www5.kingcounty.gov/sdc/Metadata.aspx?Layer=lsr_ds_landslidebody
lsr_ds_landslideoutline,lsr_ds_landslideoutline_area,enviro,Landslide Hazards along River Corridors - Landslide outline (polygon contains all features of a  deep-seated landslide),Where fluvial or coastal erosion has created steep; high slopes in glacial sediments; these slopes s ...,http://www5.kingcounty.gov/sdc/Metadata.aspx?Layer=lsr_ds_landslideoutline
lsr_ds_pondedwater,lsr_ds_pondedwater_area,enviro,Landslide Hazards along River Corridors - Ponded water,Where fluvial or coastal erosion has created steep; high slopes in glacial sediments; these slopes s ...,http://www5.kingcounty.gov/sdc/Metadata.aspx?Layer=lsr_ds_pondedwater
lsr_ds_toeofslidealongriver,lsr_ds_toeofslidealongriver_line,enviro,Landslide Hazards along River Corridors - Toe of landslide along river (where bottom of slide is likely subject to erosion by a river),Where fluvial or coastal erosion has created steep; high slopes in glacial sediments; these slopes s ...,http://www5.kingcounty.gov/sdc/Metadata.aspx?Layer=lsr_ds_toeofslidealongriver
lsr_ds_topofinternalscarp,lsr_ds_topofinternalscarp_line,enviro,Landslide Hazards along River Corridors - Top of internal landslides (steep slopes on top of a smaller slide within a larger slide),Where fluvial or coastal erosion has created steep; high slopes in glacial sediments; these slopes s ...,http://www5.kingcounty.gov/sdc/Metadata.aspx?Layer=lsr_ds_topofinternalscarp
lsr_ds_topofmainscarp,lsr_ds_topofmainscarp_line,enviro,Landslide Hazards along River Corridors - Top of main landslide (steep slopes on top of a slide),Where fluvial or coastal erosion has created steep; high slopes in glacial sediments; these slopes s ...,http://www5.kingcounty.gov/sdc/Metadata.aspx?Layer=lsr_ds_topofmainscarp
lsr_ds_watercourses,lsr_ds_watercourses_line,enviro,Landslide Hazards along River Corridors - Watercourses (paths where water can travel downslope),Where fluvial or coastal erosion has created steep; high slopes in glacial sediments; these slopes s ...,http://www5.kingcounty.gov/sdc/Metadata.aspx?Layer=lsr_ds_watercourses
lsr_f_alpinefanlesslikelydf,lsr_f_alpinefanlesslikelydf_area,enviro,Landslide Hazards along River Corridors - Alpine fans less likely subject to debris flows,Depositional fans are formed when sediment moving down a steep channel is deposited where the channe ...,http://www5.kingcounty.gov/sdc/Metadata.aspx?Layer=lsr_f_alpinefanlesslikelydf
lsr_f_alpinefanmorelikelydf,lsr_f_alpinefanmorelikelydf_area,enviro,Landslide Hazards along River Corridors - Alpine fans more likely subject to debris flows,Depositional fans are formed when sediment moving down a steep channel is deposited where the channe ...,http://www5.kingcounty.gov/sdc/Metadata.aspx?Layer=lsr_f_alpinefanmorelikelydf
lsr_f_lowlandfans,lsr_f_lowlandfans_area,enviro,Landslide Hazards along River Corridors - Lowland fans,Depositional fans are formed when sediment moving down a steep channel is deposited where the channe ...,http://www5.kingcounty.gov/sdc/Metadata.aspx?Layer=lsr_f_lowlandfans
lsr_historicallandslides,lsr_historicallandslides_point,enviro,Landslide Hazards along River Corridors - Historical Landslides,This layer refers to recorded historical landslides (landslides that have happened) within the river ...,http://www5.kingcounty.gov/sdc/Metadata.aspx?Layer=lsr_historicallandslides
lsr_rf_rockavalanchedeposit,lsr_rf_rockavalanchedeposit_area,enviro,Landslide Hazards along River Corridors - Rock avalanche deposit,Rock avalanche is a style of landslide characterized by the simultaneous failure of an entire bedroc ...,http://www5.kingcounty.gov/sdc/Metadata.aspx?Layer=lsr_rf_rockavalanchedeposit
lsr_rf_rockfallpotential,lsr_rf_rockfallpotential_area,enviro,Landslide Hazards along River Corridors - Rock fall potential,Rock fall is a type of landslide that occurs in bedrock where single or multiple rocks are dislodged ...,http://www5.kingcounty.gov/sdc/Metadata.aspx?Layer=lsr_rf_rockfallpotential
lsr_sds_modhazpot,lsr_sds_modhazpot_area,enviro,Landslide Hazards along River Corridors - Shallow Debris Slides Moderate Hazard Potential,Shallow debris slides are a common style of slope movement both in the Puget Lowland and Cascade Mou ...,http://www5.kingcounty.gov/sdc/Metadata.aspx?Layer=lsr_sds_modhazpot
lsr_sds_sevhazpot,lsr_sds_sevhazpot_area,enviro,Landslide Hazards along River Corridors - Shallow Debris Slides Severe Hazard Potential,Shallow debris slides are a common style of slope movement both in the Puget Lowland and Cascade Mou ...,http://www5.kingcounty.gov/sdc/Metadata.aspx?Layer=lsr_sds_sevhazpot
lsr_studylimits,lsr_studylimits_area,enviro,Landslide Hazards along River Corridors - River Corridor Study Limits,This layer refers to the study limits for mapping of landslide hazards within the river corridors (C ...,http://www5.kingcounty.gov/sdc/Metadata.aspx?Layer=lsr_studylimits
marijuana_location,marijuana_location_point,pubsafe,Marijuana Producers; Processors and Retailers in King County,Marijuana locations are needed for legal buffer distances from restricted sites such as schools and  ...,http://www5.kingcounty.gov/sdc/Metadata.aspx?Layer=marijuana_location
medical_facilities,medical_facilities_point,pubsafe,Medical Facilities including Hospitals,Subset of COMMON_INTEREST_POINT for Hospitals and Medical Centers class (domain). Includes hospitals ...,http://www5.kingcounty.gov/sdc/Metadata.aspx?Layer=medical_facilities
mowableslope,mowableslope_line,transportation,Mowable Slope maintained by King County Roads Division,Mowable slope is a green slope of grass or vegetation located between the roadway curb (or road surf ...,http://www5.kingcounty.gov/sdc/Metadata.aspx?Layer=mowableslope
ms1dst,ms1dst_area,district,Miscellaneous 1 Districts,Proposed electoral districts and other miscellaneous districts. ...,http://www5.kingcounty.gov/sdc/Metadata.aspx?Layer=ms1dst
mtpeaks,mtpeaks_point,topo,Mountain Peaks with Elevations,Mountain peaks and other significant topographic features; with elevations; for King County ...,http://www5.kingcounty.gov/sdc/Metadata.aspx?Layer=mtpeaks
mun_wshd,mun_wshd_area,hydro,Municipal Watersheds in King County,Municipal Watersheds for King County ...,http://www5.kingcounty.gov/sdc/Metadata.aspx?Layer=mun_wshd
mundst,mundst_area,district,Municipal Districts,Municipal corporation districts for election purposes ...,http://www5.kingcounty.gov/sdc/Metadata.aspx?Layer=mundst
neighborhood,neighborhood_area,transportation,Metro Neighborhoods in King County,Neighborhood boundaries within King County ...,http://www5.kingcounty.gov/sdc/Metadata.aspx?Layer=neighborhood
neighborhood_centers,neighborhood_centers_point,transportation,King County Neighborhood Centers in King County,Location of the central business district within the neighborhood polygons of nhood. ...,http://www5.kingcounty.gov/sdc/Metadata.aspx?Layer=neighborhood_centers
noise_contours_1db,noise_contours_1db_area,enviro,Noise Contours (One Decibel) for King County International Airport,Noise contours are based on noise and contour modeling. Contour modeling is a very key element of th ...,http://www5.kingcounty.gov/sdc/Metadata.aspx?Layer=noise_contours_1db
noxiousweeddata,noxiousweeddata_point,enviro,Noxious Weeds Survey Sitings,King County Dept of Natural Resources and Parks; Water and Land Resources Division Noxious Weeds Con ...,http://www5.kingcounty.gov/sdc/Metadata.aspx?Layer=noxiousweeddata
oblique_image07,oblique_image07_area,survey,Index to 2007 Pictometry oblique images,Index to 2007 Pictometry oblique images that are part of the vertical/oblique library. Includes info ...,http://www5.kingcounty.gov/sdc/Metadata.aspx?Layer=oblique_image07
oblique_image09,oblique_image09_area,survey,Index to 2009 Pictometry oblique images,Index to 2009 Pictometry oblique images that are part of the vertical/oblique library. Includes info ...,http://www5.kingcounty.gov/sdc/Metadata.aspx?Layer=oblique_image09
oblique_image11,oblique_image11_area,survey,Index to 2011 Pictometry oblique images,Index to 2011 Pictometry oblique images that are part of the vertical/oblique library. Includes info ...,http://www5.kingcounty.gov/sdc/Metadata.aspx?Layer=oblique_image11
oblique_image13,oblique_image13_area,survey,Index to 2013 Pictometry oblique images,Index to 2013 Pictometry oblique images that are part of the vertical/oblique library. Includes info ...,http://www5.kingcounty.gov/sdc/Metadata.aspx?Layer=oblique_image13
oblique_image15,oblique_image15_area,survey,Index to 2015 Pictometry oblique images,Index to 2015 Pictometry oblique images that are part of the vertical/oblique library. Includes info ...,http://www5.kingcounty.gov/sdc/Metadata.aspx?Layer=oblique_image15
oblique_image17,oblique_image17_area,survey,Index to 2017 Pictometry oblique images,Index to 2017 Pictometry oblique images that are part of the vertical/oblique library. Includes info ...,http://www5.kingcounty.gov/sdc/Metadata.aspx?Layer=oblique_image17
obs_basepoints,obs_basepoints_point,transportation,maint.TRANSIT.OBS_BASEPOINTS,UnknownAbstract0 ...,http://www5.kingcounty.gov/sdc/Metadata.aspx?Layer=obs_basepoints
orca_passport_zones,orca_passport_zones_area,transportation,King County Metro ORCA Passport Zone ,This is a polygon featureclass that denotes various ORCA card pricing zones across Snohomish; King a ...,http://www5.kingcounty.gov/sdc/Metadata.aspx?Layer=orca_passport_zones
ortho_image07,ortho_image07_area,survey,Index to 2007 Pictometry vertical (nadir) images,Index to 2007 Pictometry vertical (nadir) images that are part of the vertical/oblique library. Incl ...,http://www5.kingcounty.gov/sdc/Metadata.aspx?Layer=ortho_image07
ortho_image09,ortho_image09_area,survey,Index to 2009 Pictometry vertical (nadir) images,Index to 2009 Pictometry vertical (nadir) images that are part of the vertical/oblique library. Incl ...,http://www5.kingcounty.gov/sdc/Metadata.aspx?Layer=ortho_image09
ortho_image10,ortho_image10_point,survey,Photo Centers for 2010 King County OrthoImagery Project,Photo centers with time and date for 2010 King County orthoimagery project ...,http://www5.kingcounty.gov/sdc/Metadata.aspx?Layer=ortho_image10
ortho_image11,ortho_image11_area,survey,Index to 2011 Pictometry nadir images,Index to 2011 Pictometry vertical (nadir) images that are part of the vertical/oblique library. Incl ...,http://www5.kingcounty.gov/sdc/Metadata.aspx?Layer=ortho_image11
ortho_image12,ortho_image12_point,survey,Photo Center Index to 2012 Regional Aerial Mapping Project Imagery,Spatial index to photo centers for multi-county 2012 Aerial Mapping Project; a 53 member consortium  ...,http://www5.kingcounty.gov/sdc/Metadata.aspx?Layer=ortho_image12
ortho_image13,ortho_image13_area,survey,Index to 2013 Pictometry nadir images,Index to 2013 Pictometry vertical (nadir) images that are part of the vertical/oblique library. Incl ...,http://www5.kingcounty.gov/sdc/Metadata.aspx?Layer=ortho_image13
ortho_image15,ortho_image15_area,survey,Index to 2015 Pictometry nadir images,Index to 2015 Pictometry vertical (nadir) images that are part of the vertical/oblique library. Incl ...,http://www5.kingcounty.gov/sdc/Metadata.aspx?Layer=ortho_image15
ortho_image15c,ortho_image15c_point,survey,Photo Center Index to 2015 Regional Aerials (City Consortium) Project,Spatial index to photo centers for multi-county 2015 Aerial Mapping Project; a 88 member consortium  ...,http://www5.kingcounty.gov/sdc/Metadata.aspx?Layer=ortho_image15c
ortho_image17,ortho_image17_area,survey,Index to 2017 Pictometry nadir images,Index to 2017 Pictometry vertical (nadir) images that are part of the vertical/oblique library. Incl ...,http://www5.kingcounty.gov/sdc/Metadata.aspx?Layer=ortho_image17
